--
-- PostgreSQL database dump
--

-- Dumped from database version 14.12 (Homebrew)
-- Dumped by pg_dump version 14.12 (Homebrew)

SET statement_timeout = 0;
SET lock_timeout = 0;
SET idle_in_transaction_session_timeout = 0;
SET client_encoding = 'UTF8';
SET standard_conforming_strings = on;
SELECT pg_catalog.set_config('search_path', '', false);
SET check_function_bodies = false;
SET xmloption = content;
SET client_min_messages = warning;
SET row_security = off;

SET default_tablespace = '';

SET default_table_access_method = heap;

--
-- Name: auth_group; Type: TABLE; Schema: public; Owner: postgres
--

CREATE TABLE public.auth_group (
    id integer NOT NULL,
    name character varying(150) NOT NULL
);


ALTER TABLE public.auth_group OWNER TO postgres;

--
-- Name: auth_group_id_seq; Type: SEQUENCE; Schema: public; Owner: postgres
--

ALTER TABLE public.auth_group ALTER COLUMN id ADD GENERATED BY DEFAULT AS IDENTITY (
    SEQUENCE NAME public.auth_group_id_seq
    START WITH 1
    INCREMENT BY 1
    NO MINVALUE
    NO MAXVALUE
    CACHE 1
);


--
-- Name: auth_group_permissions; Type: TABLE; Schema: public; Owner: postgres
--

CREATE TABLE public.auth_group_permissions (
    id bigint NOT NULL,
    group_id integer NOT NULL,
    permission_id integer NOT NULL
);


ALTER TABLE public.auth_group_permissions OWNER TO postgres;

--
-- Name: auth_group_permissions_id_seq; Type: SEQUENCE; Schema: public; Owner: postgres
--

ALTER TABLE public.auth_group_permissions ALTER COLUMN id ADD GENERATED BY DEFAULT AS IDENTITY (
    SEQUENCE NAME public.auth_group_permissions_id_seq
    START WITH 1
    INCREMENT BY 1
    NO MINVALUE
    NO MAXVALUE
    CACHE 1
);


--
-- Name: auth_permission; Type: TABLE; Schema: public; Owner: postgres
--

CREATE TABLE public.auth_permission (
    id integer NOT NULL,
    name character varying(255) NOT NULL,
    content_type_id integer NOT NULL,
    codename character varying(100) NOT NULL
);


ALTER TABLE public.auth_permission OWNER TO postgres;

--
-- Name: auth_permission_id_seq; Type: SEQUENCE; Schema: public; Owner: postgres
--

ALTER TABLE public.auth_permission ALTER COLUMN id ADD GENERATED BY DEFAULT AS IDENTITY (
    SEQUENCE NAME public.auth_permission_id_seq
    START WITH 1
    INCREMENT BY 1
    NO MINVALUE
    NO MAXVALUE
    CACHE 1
);


--
-- Name: auth_user; Type: TABLE; Schema: public; Owner: postgres
--

CREATE TABLE public.auth_user (
    id integer NOT NULL,
    password character varying(128) NOT NULL,
    last_login timestamp with time zone,
    is_superuser boolean NOT NULL,
    username character varying(150) NOT NULL,
    first_name character varying(150) NOT NULL,
    last_name character varying(150) NOT NULL,
    email character varying(254) NOT NULL,
    is_staff boolean NOT NULL,
    is_active boolean NOT NULL,
    date_joined timestamp with time zone NOT NULL
);


ALTER TABLE public.auth_user OWNER TO postgres;

--
-- Name: auth_user_groups; Type: TABLE; Schema: public; Owner: postgres
--

CREATE TABLE public.auth_user_groups (
    id bigint NOT NULL,
    user_id integer NOT NULL,
    group_id integer NOT NULL
);


ALTER TABLE public.auth_user_groups OWNER TO postgres;

--
-- Name: auth_user_groups_id_seq; Type: SEQUENCE; Schema: public; Owner: postgres
--

ALTER TABLE public.auth_user_groups ALTER COLUMN id ADD GENERATED BY DEFAULT AS IDENTITY (
    SEQUENCE NAME public.auth_user_groups_id_seq
    START WITH 1
    INCREMENT BY 1
    NO MINVALUE
    NO MAXVALUE
    CACHE 1
);


--
-- Name: auth_user_id_seq; Type: SEQUENCE; Schema: public; Owner: postgres
--

ALTER TABLE public.auth_user ALTER COLUMN id ADD GENERATED BY DEFAULT AS IDENTITY (
    SEQUENCE NAME public.auth_user_id_seq
    START WITH 1
    INCREMENT BY 1
    NO MINVALUE
    NO MAXVALUE
    CACHE 1
);


--
-- Name: auth_user_user_permissions; Type: TABLE; Schema: public; Owner: postgres
--

CREATE TABLE public.auth_user_user_permissions (
    id bigint NOT NULL,
    user_id integer NOT NULL,
    permission_id integer NOT NULL
);


ALTER TABLE public.auth_user_user_permissions OWNER TO postgres;

--
-- Name: auth_user_user_permissions_id_seq; Type: SEQUENCE; Schema: public; Owner: postgres
--

ALTER TABLE public.auth_user_user_permissions ALTER COLUMN id ADD GENERATED BY DEFAULT AS IDENTITY (
    SEQUENCE NAME public.auth_user_user_permissions_id_seq
    START WITH 1
    INCREMENT BY 1
    NO MINVALUE
    NO MAXVALUE
    CACHE 1
);


--
-- Name: django_admin_log; Type: TABLE; Schema: public; Owner: postgres
--

CREATE TABLE public.django_admin_log (
    id integer NOT NULL,
    action_time timestamp with time zone NOT NULL,
    object_id text,
    object_repr character varying(200) NOT NULL,
    action_flag smallint NOT NULL,
    change_message text NOT NULL,
    content_type_id integer,
    user_id integer NOT NULL,
    CONSTRAINT django_admin_log_action_flag_check CHECK ((action_flag >= 0))
);


ALTER TABLE public.django_admin_log OWNER TO postgres;

--
-- Name: django_admin_log_id_seq; Type: SEQUENCE; Schema: public; Owner: postgres
--

ALTER TABLE public.django_admin_log ALTER COLUMN id ADD GENERATED BY DEFAULT AS IDENTITY (
    SEQUENCE NAME public.django_admin_log_id_seq
    START WITH 1
    INCREMENT BY 1
    NO MINVALUE
    NO MAXVALUE
    CACHE 1
);


--
-- Name: django_content_type; Type: TABLE; Schema: public; Owner: postgres
--

CREATE TABLE public.django_content_type (
    id integer NOT NULL,
    app_label character varying(100) NOT NULL,
    model character varying(100) NOT NULL
);


ALTER TABLE public.django_content_type OWNER TO postgres;

--
-- Name: django_content_type_id_seq; Type: SEQUENCE; Schema: public; Owner: postgres
--

ALTER TABLE public.django_content_type ALTER COLUMN id ADD GENERATED BY DEFAULT AS IDENTITY (
    SEQUENCE NAME public.django_content_type_id_seq
    START WITH 1
    INCREMENT BY 1
    NO MINVALUE
    NO MAXVALUE
    CACHE 1
);


--
-- Name: django_migrations; Type: TABLE; Schema: public; Owner: postgres
--

CREATE TABLE public.django_migrations (
    id bigint NOT NULL,
    app character varying(255) NOT NULL,
    name character varying(255) NOT NULL,
    applied timestamp with time zone NOT NULL
);


ALTER TABLE public.django_migrations OWNER TO postgres;

--
-- Name: django_migrations_id_seq; Type: SEQUENCE; Schema: public; Owner: postgres
--

ALTER TABLE public.django_migrations ALTER COLUMN id ADD GENERATED BY DEFAULT AS IDENTITY (
    SEQUENCE NAME public.django_migrations_id_seq
    START WITH 1
    INCREMENT BY 1
    NO MINVALUE
    NO MAXVALUE
    CACHE 1
);


--
-- Name: django_session; Type: TABLE; Schema: public; Owner: postgres
--

CREATE TABLE public.django_session (
    session_key character varying(40) NOT NULL,
    session_data text NOT NULL,
    expire_date timestamp with time zone NOT NULL
);


ALTER TABLE public.django_session OWNER TO postgres;

--
-- Name: garden_app_car; Type: TABLE; Schema: public; Owner: postgres
--

CREATE TABLE public.garden_app_car (
    id bigint NOT NULL,
    car_type character varying(128) NOT NULL,
    year integer NOT NULL,
    consumption double precision NOT NULL,
    price integer NOT NULL,
    capacity integer NOT NULL,
    CONSTRAINT garden_app_car_capacity_27d2f876_check CHECK ((capacity >= 0)),
    CONSTRAINT garden_app_car_price_4f79f73a_check CHECK ((price >= 0)),
    CONSTRAINT garden_app_car_year_82a511f3_check CHECK ((year >= 0))
);


ALTER TABLE public.garden_app_car OWNER TO postgres;

--
-- Name: garden_app_car_id_seq; Type: SEQUENCE; Schema: public; Owner: postgres
--

ALTER TABLE public.garden_app_car ALTER COLUMN id ADD GENERATED BY DEFAULT AS IDENTITY (
    SEQUENCE NAME public.garden_app_car_id_seq
    START WITH 1
    INCREMENT BY 1
    NO MINVALUE
    NO MAXVALUE
    CACHE 1
);


--
-- Name: garden_app_car_users; Type: TABLE; Schema: public; Owner: postgres
--

CREATE TABLE public.garden_app_car_users (
    id bigint NOT NULL,
    car_id bigint NOT NULL,
    driver_id bigint NOT NULL
);


ALTER TABLE public.garden_app_car_users OWNER TO postgres;

--
-- Name: garden_app_car_users_id_seq; Type: SEQUENCE; Schema: public; Owner: postgres
--

ALTER TABLE public.garden_app_car_users ALTER COLUMN id ADD GENERATED BY DEFAULT AS IDENTITY (
    SEQUENCE NAME public.garden_app_car_users_id_seq
    START WITH 1
    INCREMENT BY 1
    NO MINVALUE
    NO MAXVALUE
    CACHE 1
);


--
-- Name: garden_app_deliverycost; Type: TABLE; Schema: public; Owner: postgres
--

CREATE TABLE public.garden_app_deliverycost (
    id bigint NOT NULL,
    fuel_price integer NOT NULL,
    date date NOT NULL,
    car_id bigint NOT NULL,
    region_id bigint NOT NULL,
    fuel_cost integer,
    salary_cost integer,
    total_delivery_costs integer,
    total_products_costs integer,
    total_sales integer,
    margin integer,
    CONSTRAINT garden_app_deliverycost_fuel_cost_b6d077d0_check CHECK ((fuel_cost >= 0)),
    CONSTRAINT garden_app_deliverycost_fuel_price_c19171a3_check CHECK ((fuel_price >= 0)),
    CONSTRAINT garden_app_deliverycost_salary_cost_b0751bde_check CHECK ((salary_cost >= 0))
);


ALTER TABLE public.garden_app_deliverycost OWNER TO postgres;

--
-- Name: garden_app_deliverycost_id_seq; Type: SEQUENCE; Schema: public; Owner: postgres
--

ALTER TABLE public.garden_app_deliverycost ALTER COLUMN id ADD GENERATED BY DEFAULT AS IDENTITY (
    SEQUENCE NAME public.garden_app_deliverycost_id_seq
    START WITH 1
    INCREMENT BY 1
    NO MINVALUE
    NO MAXVALUE
    CACHE 1
);


--
-- Name: garden_app_driver; Type: TABLE; Schema: public; Owner: postgres
--

CREATE TABLE public.garden_app_driver (
    id bigint NOT NULL,
    phone_number character varying(128) NOT NULL,
    user_id integer NOT NULL,
    salary integer NOT NULL
);


ALTER TABLE public.garden_app_driver OWNER TO postgres;

--
-- Name: garden_app_driver_id_seq; Type: SEQUENCE; Schema: public; Owner: postgres
--

ALTER TABLE public.garden_app_driver ALTER COLUMN id ADD GENERATED BY DEFAULT AS IDENTITY (
    SEQUENCE NAME public.garden_app_driver_id_seq
    START WITH 1
    INCREMENT BY 1
    NO MINVALUE
    NO MAXVALUE
    CACHE 1
);


--
-- Name: garden_app_order; Type: TABLE; Schema: public; Owner: postgres
--

CREATE TABLE public.garden_app_order (
    id bigint NOT NULL,
    date date NOT NULL,
    restaurant_id bigint NOT NULL,
    description text
);


ALTER TABLE public.garden_app_order OWNER TO postgres;

--
-- Name: garden_app_order_id_seq; Type: SEQUENCE; Schema: public; Owner: postgres
--

ALTER TABLE public.garden_app_order ALTER COLUMN id ADD GENERATED BY DEFAULT AS IDENTITY (
    SEQUENCE NAME public.garden_app_order_id_seq
    START WITH 1
    INCREMENT BY 1
    NO MINVALUE
    NO MAXVALUE
    CACHE 1
);


--
-- Name: garden_app_orderitem; Type: TABLE; Schema: public; Owner: postgres
--

CREATE TABLE public.garden_app_orderitem (
    id bigint NOT NULL,
    quantity integer NOT NULL,
    order_id bigint NOT NULL,
    product_id bigint NOT NULL
);


ALTER TABLE public.garden_app_orderitem OWNER TO postgres;

--
-- Name: garden_app_orderitem_id_seq; Type: SEQUENCE; Schema: public; Owner: postgres
--

ALTER TABLE public.garden_app_orderitem ALTER COLUMN id ADD GENERATED BY DEFAULT AS IDENTITY (
    SEQUENCE NAME public.garden_app_orderitem_id_seq
    START WITH 1
    INCREMENT BY 1
    NO MINVALUE
    NO MAXVALUE
    CACHE 1
);


--
-- Name: garden_app_product; Type: TABLE; Schema: public; Owner: postgres
--

CREATE TABLE public.garden_app_product (
    id bigint NOT NULL,
    name character varying(128) NOT NULL,
    days_of_growth integer NOT NULL,
    sale_price integer NOT NULL,
    cost_price integer NOT NULL,
    seeds_amount double precision NOT NULL,
    seeding_time integer NOT NULL,
    watering_time integer NOT NULL
);


ALTER TABLE public.garden_app_product OWNER TO postgres;

--
-- Name: garden_app_product_id_seq; Type: SEQUENCE; Schema: public; Owner: postgres
--

ALTER TABLE public.garden_app_product ALTER COLUMN id ADD GENERATED BY DEFAULT AS IDENTITY (
    SEQUENCE NAME public.garden_app_product_id_seq
    START WITH 1
    INCREMENT BY 1
    NO MINVALUE
    NO MAXVALUE
    CACHE 1
);


--
-- Name: garden_app_productcost; Type: TABLE; Schema: public; Owner: postgres
--

CREATE TABLE public.garden_app_productcost (
    id bigint NOT NULL,
    kw_price integer NOT NULL,
    watts integer NOT NULL,
    lighting_hours integer NOT NULL,
    product_id bigint NOT NULL,
    salary integer NOT NULL,
    total_product_cost double precision NOT NULL,
    CONSTRAINT garden_app_productcost_salary_b26ac285_check CHECK ((salary >= 0))
);


ALTER TABLE public.garden_app_productcost OWNER TO postgres;

--
-- Name: garden_app_productcost_id_seq; Type: SEQUENCE; Schema: public; Owner: postgres
--

ALTER TABLE public.garden_app_productcost ALTER COLUMN id ADD GENERATED BY DEFAULT AS IDENTITY (
    SEQUENCE NAME public.garden_app_productcost_id_seq
    START WITH 1
    INCREMENT BY 1
    NO MINVALUE
    NO MAXVALUE
    CACHE 1
);


--
-- Name: garden_app_region; Type: TABLE; Schema: public; Owner: postgres
--

CREATE TABLE public.garden_app_region (
    id bigint NOT NULL,
    name character varying(128) NOT NULL,
    driver_id bigint NOT NULL,
    delivery_day character varying(128) NOT NULL,
    km integer NOT NULL,
    deliver_time double precision NOT NULL,
    preparing_time double precision NOT NULL,
    CONSTRAINT garden_app_region_km_b77eb17c_check CHECK ((km >= 0))
);


ALTER TABLE public.garden_app_region OWNER TO postgres;

--
-- Name: garden_app_region_id_seq; Type: SEQUENCE; Schema: public; Owner: postgres
--

ALTER TABLE public.garden_app_region ALTER COLUMN id ADD GENERATED BY DEFAULT AS IDENTITY (
    SEQUENCE NAME public.garden_app_region_id_seq
    START WITH 1
    INCREMENT BY 1
    NO MINVALUE
    NO MAXVALUE
    CACHE 1
);


--
-- Name: garden_app_restaurant; Type: TABLE; Schema: public; Owner: postgres
--

CREATE TABLE public.garden_app_restaurant (
    id bigint NOT NULL,
    name character varying(128) NOT NULL,
    city character varying(128) NOT NULL,
    distance integer NOT NULL,
    email character varying(254) NOT NULL,
    region_id bigint NOT NULL,
    CONSTRAINT garden_app_restaurant_distance_954af448_check CHECK ((distance >= 0))
);


ALTER TABLE public.garden_app_restaurant OWNER TO postgres;

--
-- Name: garden_app_restaurant_id_seq; Type: SEQUENCE; Schema: public; Owner: postgres
--

ALTER TABLE public.garden_app_restaurant ALTER COLUMN id ADD GENERATED BY DEFAULT AS IDENTITY (
    SEQUENCE NAME public.garden_app_restaurant_id_seq
    START WITH 1
    INCREMENT BY 1
    NO MINVALUE
    NO MAXVALUE
    CACHE 1
);


--
-- Data for Name: auth_group; Type: TABLE DATA; Schema: public; Owner: postgres
--

COPY public.auth_group (id, name) FROM stdin;
\.


--
-- Data for Name: auth_group_permissions; Type: TABLE DATA; Schema: public; Owner: postgres
--

COPY public.auth_group_permissions (id, group_id, permission_id) FROM stdin;
\.


--
-- Data for Name: auth_permission; Type: TABLE DATA; Schema: public; Owner: postgres
--

COPY public.auth_permission (id, name, content_type_id, codename) FROM stdin;
1	Can add log entry	1	add_logentry
2	Can change log entry	1	change_logentry
3	Can delete log entry	1	delete_logentry
4	Can view log entry	1	view_logentry
5	Can add permission	2	add_permission
6	Can change permission	2	change_permission
7	Can delete permission	2	delete_permission
8	Can view permission	2	view_permission
9	Can add group	3	add_group
10	Can change group	3	change_group
11	Can delete group	3	delete_group
12	Can view group	3	view_group
13	Can add user	4	add_user
14	Can change user	4	change_user
15	Can delete user	4	delete_user
16	Can view user	4	view_user
17	Can add content type	5	add_contenttype
18	Can change content type	5	change_contenttype
19	Can delete content type	5	delete_contenttype
20	Can view content type	5	view_contenttype
21	Can add session	6	add_session
22	Can change session	6	change_session
23	Can delete session	6	delete_session
24	Can view session	6	view_session
25	Can add product	7	add_product
26	Can change product	7	change_product
27	Can delete product	7	delete_product
28	Can view product	7	view_product
29	Can add restaurant	8	add_restaurant
30	Can change restaurant	8	change_restaurant
31	Can delete restaurant	8	delete_restaurant
32	Can view restaurant	8	view_restaurant
33	Can add driver	9	add_driver
34	Can change driver	9	change_driver
35	Can delete driver	9	delete_driver
36	Can view driver	9	view_driver
37	Can add driver car	10	add_drivercar
38	Can change driver car	10	change_drivercar
39	Can delete driver car	10	delete_drivercar
40	Can view driver car	10	view_drivercar
41	Can add region	11	add_region
42	Can change region	11	change_region
43	Can delete region	11	delete_region
44	Can view region	11	view_region
45	Can add car	12	add_car
46	Can change car	12	change_car
47	Can delete car	12	delete_car
48	Can view car	12	view_car
49	Can add order	13	add_order
50	Can change order	13	change_order
51	Can delete order	13	delete_order
52	Can view order	13	view_order
53	Can add order item	14	add_orderitem
54	Can change order item	14	change_orderitem
55	Can delete order item	14	delete_orderitem
56	Can view order item	14	view_orderitem
57	Can add product cost	15	add_productcost
58	Can change product cost	15	change_productcost
59	Can delete product cost	15	delete_productcost
60	Can view product cost	15	view_productcost
61	Can add delivery cost	16	add_deliverycost
62	Can change delivery cost	16	change_deliverycost
63	Can delete delivery cost	16	delete_deliverycost
64	Can view delivery cost	16	view_deliverycost
\.


--
-- Data for Name: auth_user; Type: TABLE DATA; Schema: public; Owner: postgres
--

COPY public.auth_user (id, password, last_login, is_superuser, username, first_name, last_name, email, is_staff, is_active, date_joined) FROM stdin;
1	pbkdf2_sha256$870000$26Waj0rNmHdtUJYAALIWnt$3ljcWIGGrhKa7MOikXGkX02iKAxcNH9YyhsNaYuiuNA=	2024-10-05 12:14:13.075405+02	t	tomaskazik	Tomáš	Kazík	kaza111@seznam.cz	t	t	2024-09-08 12:51:31+02
3	pbkdf2_sha256$870000$sDVtB0E4wHfd7kzkFj0a73$rbyZPE3hOC/JUjH3+6hVUyGhFIkehP/mrJY05ZHZNMw=	2024-10-05 18:13:37.809649+02	f	david	David	Brašnička	david@seznam.cz	f	t	2024-09-08 12:58:23+02
2	pbkdf2_sha256$870000$HDxfvagwyKFzu98OEywk3Q$ocgFRrwMTalvGtFwvq4JdUmw+KT7OcAqyv76lLmZpvM=	2024-09-16 06:24:02.636828+02	f	martin	Martin	Manhal	martin@seznam.cz	f	t	2024-09-08 12:56:26+02
\.


--
-- Data for Name: auth_user_groups; Type: TABLE DATA; Schema: public; Owner: postgres
--

COPY public.auth_user_groups (id, user_id, group_id) FROM stdin;
\.


--
-- Data for Name: auth_user_user_permissions; Type: TABLE DATA; Schema: public; Owner: postgres
--

COPY public.auth_user_user_permissions (id, user_id, permission_id) FROM stdin;
1	3	31
2	3	26
\.


--
-- Data for Name: django_admin_log; Type: TABLE DATA; Schema: public; Owner: postgres
--

COPY public.django_admin_log (id, action_time, object_id, object_repr, action_flag, change_message, content_type_id, user_id) FROM stdin;
1	2024-09-08 12:56:26.482963+02	2	martin	1	[{"added": {}}]	4	1
2	2024-09-08 12:57:58.247546+02	2	martin	2	[{"changed": {"fields": ["First name", "Last name", "Email address"]}}]	4	1
3	2024-09-08 12:58:10.05159+02	2	martin	2	[]	4	1
4	2024-09-08 12:58:24.074834+02	3	david	1	[{"added": {}}]	4	1
5	2024-09-08 12:58:46.29931+02	3	david	2	[{"changed": {"fields": ["First name", "Last name", "Email address"]}}]	4	1
6	2024-09-08 12:59:04.432704+02	1	tomaskazik	2	[{"changed": {"fields": ["First name", "Last name"]}}]	4	1
7	2024-09-08 13:27:29.336625+02	1	Tomáš Kazík	1	[{"added": {}}]	9	1
8	2024-09-08 13:27:41.189137+02	2	Martin Manhal	1	[{"added": {}}]	9	1
9	2024-09-08 13:27:57.659281+02	3	David Brašnička	1	[{"added": {}}]	9	1
10	2024-09-08 13:28:22.280397+02	1	Sumava	1	[{"added": {}}]	11	1
11	2024-09-08 13:28:30.961616+02	2	CB	1	[{"added": {}}]	11	1
12	2024-09-08 13:28:45.739912+02	3	Strak	1	[{"added": {}}]	11	1
13	2024-09-08 13:28:58.976563+02	4	Krum	1	[{"added": {}}]	11	1
14	2024-09-08 13:29:08.58847+02	5	Treb	1	[{"added": {}}]	11	1
15	2024-09-08 13:32:30.704166+02	6	Lip	1	[{"added": {}}]	11	1
16	2024-09-08 13:36:15.102955+02	1	U Bílého Jednorožce	1	[{"added": {}}]	8	1
17	2024-09-08 13:43:27.721483+02	3	Strakonicko	2	[{"changed": {"fields": ["Name"]}}]	11	1
18	2024-09-08 13:43:30.574079+02	6	Moka Café	2	[]	8	1
19	2024-09-08 13:43:53.55363+02	4	Krumlovsko	2	[{"changed": {"fields": ["Name"]}}]	11	1
20	2024-09-08 13:44:07.836978+02	6	Lipensko	2	[{"changed": {"fields": ["Name"]}}]	11	1
21	2024-09-08 13:44:15.504887+02	5	Třeboňsko	2	[{"changed": {"fields": ["Name"]}}]	11	1
22	2024-09-08 13:44:22.838328+02	2	Českobudějovicko	2	[{"changed": {"fields": ["Name"]}}]	11	1
23	2024-09-08 13:44:28.758953+02	1	Šumava	2	[{"changed": {"fields": ["Name"]}}]	11	1
24	2024-09-09 05:50:01.569061+02	7	Pomodoro	1	[{"added": {}}]	8	1
25	2024-09-09 05:50:35.587509+02	8	Bistro Cobliha	1	[{"added": {}}]	8	1
26	2024-09-09 05:51:21.12557+02	9	Klika Restaurant	1	[{"added": {}}]	8	1
27	2024-09-09 05:51:48.365429+02	10	Café Datel	1	[{"added": {}}]	8	1
28	2024-09-12 21:49:05.48578+02	96	14 x Hrášek in order Klika Restaurant	3		14	1
29	2024-09-12 21:49:05.48593+02	95	24 x Hořčice in order Klika Restaurant	3		14	1
30	2024-09-12 21:49:05.485979+02	94	4 x Řeřicha in order Klika Restaurant	3		14	1
31	2024-09-12 21:49:05.486021+02	93	10 x Ředkvička China Rose in order Klika Restaurant	3		14	1
32	2024-09-12 21:49:05.486063+02	92	16 x Ředkvička Daikon in order Klika Restaurant	3		14	1
33	2024-09-12 21:49:05.486104+02	90	2 x Ředkvička Daikon in order Slunce	3		14	1
34	2024-09-12 21:49:05.48614+02	87	2 x Brokolice in order Bistro Cobliha	3		14	1
35	2024-09-12 21:49:05.486177+02	86	1 x Rukola in order Bistro Cobliha	3		14	1
36	2024-09-12 21:49:05.486216+02	84	1 x Hořčice in order Bistro Cobliha	3		14	1
37	2024-09-12 21:49:05.486256+02	43	3 x Hrášek in order Bistro Cobliha	3		14	1
38	2024-09-12 21:49:05.486295+02	36	19 x Ředkvička China Rose in order Bistro Cobliha	3		14	1
39	2024-09-12 21:49:05.486333+02	35	2 x Hořčice in order Divoký Bistro	3		14	1
40	2024-09-12 21:49:05.48637+02	34	4 x Hořčice in order Divoký Bistro	3		14	1
41	2024-09-12 21:49:05.486406+02	33	1 x Řeřicha in order Divoký Bistro	3		14	1
42	2024-09-12 21:49:05.486443+02	32	2 x Řeřicha in order Divoký Bistro	3		14	1
43	2024-09-12 21:49:05.486479+02	31	2 x Řeřicha in order Divoký Bistro	3		14	1
44	2024-09-12 21:49:05.486545+02	30	1 x Ředkvička China Rose in order Divoký Bistro	3		14	1
45	2024-09-12 21:49:05.486582+02	29	1 x Brokolice in order Divoký Bistro	3		14	1
46	2024-09-12 21:49:05.486618+02	28	2 x Brokolice in order Divoký Bistro	3		14	1
47	2024-09-12 21:49:05.486654+02	27	2 x Rukola in order Divoký Bistro	3		14	1
48	2024-09-12 21:49:05.486691+02	26	1 x Hořčice in order Divoký Bistro	3		14	1
49	2024-09-12 21:49:05.486736+02	25	2 x Řeřicha in order Divoký Bistro	3		14	1
50	2024-09-12 21:49:05.486772+02	24	1 x Ředkvička Daikon in order Divoký Bistro	3		14	1
51	2024-09-12 21:49:05.486816+02	23	2 x Ředkvička Daikon in order Divoký Bistro	3		14	1
52	2024-09-12 21:49:05.486932+02	22	2 x Ředkvička China Rose in order Divoký Bistro	3		14	1
53	2024-09-12 21:49:05.487031+02	21	2 x Ředkvička Daikon in order Divoký Bistro	3		14	1
54	2024-09-12 21:49:05.48709+02	19	1 x Ředkvička Daikon in order U Kukaček	3		14	1
55	2024-09-12 21:49:05.487134+02	18	2 x Ředkvička Daikon in order U Kukaček	3		14	1
56	2024-09-12 21:49:05.487175+02	17	2 x Ředkvička Daikon in order U Kukaček	3		14	1
57	2024-09-12 21:49:05.487218+02	16	1 x Rukola in order U Kukaček	3		14	1
58	2024-09-12 21:49:05.487254+02	15	2 x Rukola in order U Kukaček	3		14	1
59	2024-09-12 21:49:05.487289+02	14	2 x Rukola in order U Kukaček	3		14	1
60	2024-09-12 21:49:05.487324+02	13	2 x Rukola in order U Kukaček	3		14	1
61	2024-09-12 21:49:05.487359+02	12	2 x Rukola in order U Kukaček	3		14	1
62	2024-09-12 21:49:05.487395+02	11	2 x Rukola in order U Kukaček	3		14	1
63	2024-09-12 21:49:05.487429+02	10	2 x Rukola in order U Kukaček	3		14	1
64	2024-09-12 21:49:05.487465+02	9	2 x Rukola in order U Kukaček	3		14	1
65	2024-09-12 21:49:05.487499+02	8	4 x Rukola in order U Kukaček	3		14	1
66	2024-09-12 21:49:05.487534+02	7	4 x Hořčice in order U Kukaček	3		14	1
67	2024-09-12 21:49:05.487568+02	5	6 x Ředkvička Daikon in order U Kukaček	3		14	1
68	2024-09-12 21:49:05.487602+02	4	4 x Ředkvička Daikon in order U Kukaček	3		14	1
69	2024-09-12 21:49:05.487637+02	3	6 x Ředkvička Daikon in order U Kukaček	3		14	1
70	2024-09-12 21:49:22.488025+02	6	Order 6 at U Bílého Jednorožce on 2024-09-12	1	[{"added": {}}]	13	1
71	2024-09-12 21:49:40.630168+02	97	1 x Ředkvička Daikon in order U Bílého Jednorožce	1	[{"added": {}}]	14	1
72	2024-09-13 21:17:52.805039+02	6	U Bílého Jednorožce on 2024-09-13	2	[{"changed": {"fields": ["Description"]}}]	13	1
73	2024-09-14 09:45:39.61804+02	6	Lipensko	2	[{"changed": {"fields": ["Delivery day"]}}]	11	1
74	2024-09-14 09:45:51.795036+02	5	Třeboňsko	2	[{"changed": {"fields": ["Delivery day"]}}]	11	1
75	2024-09-14 09:46:08.892054+02	4	Krumlovsko	2	[{"changed": {"fields": ["Delivery day"]}}]	11	1
76	2024-09-14 09:46:18.778587+02	3	Strakonicko	2	[{"changed": {"fields": ["Delivery day"]}}]	11	1
77	2024-09-14 09:46:35.746369+02	2	Českobudějovicko	2	[{"changed": {"fields": ["Delivery day"]}}]	11	1
78	2024-09-14 09:46:44.391598+02	1	Šumava	2	[{"changed": {"fields": ["Delivery day"]}}]	11	1
79	2024-09-16 06:06:58.953237+02	3	david	2	[{"changed": {"fields": ["User permissions"]}}]	4	1
170	2024-09-17 06:37:43.97874+02	45	ProductCost object (45)	3		15	1
80	2024-09-16 06:22:50.619585+02	3	david	2	[{"changed": {"fields": ["User permissions"]}}]	4	1
81	2024-09-16 17:17:39.251951+02	1	Berlingo	1	[{"added": {}}]	12	1
82	2024-09-16 17:18:35.370607+02	2	Toyota	1	[{"added": {}}]	12	1
83	2024-09-16 17:22:16.430178+02	2	Toyota	2	[{"changed": {"fields": ["Capacity"]}}]	12	1
84	2024-09-16 17:22:43.795812+02	1	Berlingo	2	[{"changed": {"fields": ["Capacity"]}}]	12	1
85	2024-09-16 17:24:57.994158+02	1	Martin Manhal - Toyota in Krumlovsko	1	[{"added": {}}]	10	1
86	2024-09-16 17:25:18.61303+02	2	Tomáš Kazík - Berlingo in Třeboňsko	1	[{"added": {}}]	10	1
87	2024-09-16 17:25:37.454202+02	3	David Brašnička - Toyota in Strakonicko	1	[{"added": {}}]	10	1
88	2024-09-16 17:25:53.593046+02	4	Tomáš Kazík - Berlingo in Českobudějovicko	1	[{"added": {}}]	10	1
89	2024-09-16 17:26:48.360902+02	5	Tomáš Kazík - Toyota in Šumava	1	[{"added": {}}]	10	1
90	2024-09-16 17:27:17.594427+02	4	Martin Manhal - Berlingo in Českobudějovicko	2	[{"changed": {"fields": ["Driver"]}}]	10	1
91	2024-09-16 17:27:48.198409+02	6	David Brašnička - Toyota in Lipensko	1	[{"added": {}}]	10	1
92	2024-09-16 17:28:30.988315+02	2	Toyota	2	[{"changed": {"fields": ["Users"]}}]	12	1
93	2024-09-16 17:28:39.323565+02	1	Berlingo	2	[{"changed": {"fields": ["Users"]}}]	12	1
94	2024-09-17 06:37:43.976765+02	121	ProductCost object (121)	3		15	1
95	2024-09-17 06:37:43.976833+02	120	ProductCost object (120)	3		15	1
96	2024-09-17 06:37:43.97686+02	119	ProductCost object (119)	3		15	1
97	2024-09-17 06:37:43.976883+02	118	ProductCost object (118)	3		15	1
98	2024-09-17 06:37:43.976906+02	117	ProductCost object (117)	3		15	1
99	2024-09-17 06:37:43.976928+02	116	ProductCost object (116)	3		15	1
100	2024-09-17 06:37:43.976948+02	115	ProductCost object (115)	3		15	1
101	2024-09-17 06:37:43.976981+02	114	ProductCost object (114)	3		15	1
102	2024-09-17 06:37:43.977004+02	113	ProductCost object (113)	3		15	1
103	2024-09-17 06:37:43.977025+02	112	ProductCost object (112)	3		15	1
104	2024-09-17 06:37:43.977047+02	111	ProductCost object (111)	3		15	1
105	2024-09-17 06:37:43.977071+02	110	ProductCost object (110)	3		15	1
106	2024-09-17 06:37:43.977099+02	109	ProductCost object (109)	3		15	1
107	2024-09-17 06:37:43.977128+02	108	ProductCost object (108)	3		15	1
108	2024-09-17 06:37:43.977148+02	107	ProductCost object (107)	3		15	1
109	2024-09-17 06:37:43.977169+02	106	ProductCost object (106)	3		15	1
110	2024-09-17 06:37:43.97719+02	105	ProductCost object (105)	3		15	1
111	2024-09-17 06:37:43.97721+02	104	ProductCost object (104)	3		15	1
112	2024-09-17 06:37:43.97723+02	103	ProductCost object (103)	3		15	1
113	2024-09-17 06:37:43.977251+02	102	ProductCost object (102)	3		15	1
114	2024-09-17 06:37:43.977271+02	101	ProductCost object (101)	3		15	1
115	2024-09-17 06:37:43.977291+02	100	ProductCost object (100)	3		15	1
116	2024-09-17 06:37:43.977315+02	99	ProductCost object (99)	3		15	1
117	2024-09-17 06:37:43.977335+02	98	ProductCost object (98)	3		15	1
118	2024-09-17 06:37:43.977356+02	97	ProductCost object (97)	3		15	1
119	2024-09-17 06:37:43.977379+02	96	ProductCost object (96)	3		15	1
120	2024-09-17 06:37:43.9774+02	95	ProductCost object (95)	3		15	1
121	2024-09-17 06:37:43.977421+02	94	ProductCost object (94)	3		15	1
122	2024-09-17 06:37:43.977442+02	93	ProductCost object (93)	3		15	1
123	2024-09-17 06:37:43.977463+02	92	ProductCost object (92)	3		15	1
124	2024-09-17 06:37:43.977483+02	91	ProductCost object (91)	3		15	1
125	2024-09-17 06:37:43.977506+02	90	ProductCost object (90)	3		15	1
126	2024-09-17 06:37:43.977528+02	89	ProductCost object (89)	3		15	1
127	2024-09-17 06:37:43.977552+02	88	ProductCost object (88)	3		15	1
128	2024-09-17 06:37:43.977573+02	87	ProductCost object (87)	3		15	1
129	2024-09-17 06:37:43.977609+02	86	ProductCost object (86)	3		15	1
130	2024-09-17 06:37:43.977633+02	85	ProductCost object (85)	3		15	1
131	2024-09-17 06:37:43.97766+02	84	ProductCost object (84)	3		15	1
132	2024-09-17 06:37:43.977691+02	83	ProductCost object (83)	3		15	1
133	2024-09-17 06:37:43.977713+02	82	ProductCost object (82)	3		15	1
134	2024-09-17 06:37:43.977739+02	81	ProductCost object (81)	3		15	1
135	2024-09-17 06:37:43.977766+02	80	ProductCost object (80)	3		15	1
136	2024-09-17 06:37:43.977789+02	79	ProductCost object (79)	3		15	1
137	2024-09-17 06:37:43.977824+02	78	ProductCost object (78)	3		15	1
138	2024-09-17 06:37:43.977851+02	77	ProductCost object (77)	3		15	1
139	2024-09-17 06:37:43.977872+02	76	ProductCost object (76)	3		15	1
140	2024-09-17 06:37:43.977892+02	75	ProductCost object (75)	3		15	1
141	2024-09-17 06:37:43.977917+02	74	ProductCost object (74)	3		15	1
142	2024-09-17 06:37:43.977944+02	73	ProductCost object (73)	3		15	1
143	2024-09-17 06:37:43.977982+02	72	ProductCost object (72)	3		15	1
144	2024-09-17 06:37:43.978009+02	71	ProductCost object (71)	3		15	1
145	2024-09-17 06:37:43.978051+02	70	ProductCost object (70)	3		15	1
146	2024-09-17 06:37:43.978078+02	69	ProductCost object (69)	3		15	1
147	2024-09-17 06:37:43.978111+02	68	ProductCost object (68)	3		15	1
148	2024-09-17 06:37:43.978157+02	67	ProductCost object (67)	3		15	1
149	2024-09-17 06:37:43.978189+02	66	ProductCost object (66)	3		15	1
150	2024-09-17 06:37:43.97822+02	65	ProductCost object (65)	3		15	1
151	2024-09-17 06:37:43.978246+02	64	ProductCost object (64)	3		15	1
152	2024-09-17 06:37:43.97827+02	63	ProductCost object (63)	3		15	1
153	2024-09-17 06:37:43.978295+02	62	ProductCost object (62)	3		15	1
154	2024-09-17 06:37:43.978322+02	61	ProductCost object (61)	3		15	1
155	2024-09-17 06:37:43.978349+02	60	ProductCost object (60)	3		15	1
156	2024-09-17 06:37:43.978374+02	59	ProductCost object (59)	3		15	1
157	2024-09-17 06:37:43.978398+02	58	ProductCost object (58)	3		15	1
158	2024-09-17 06:37:43.978424+02	57	ProductCost object (57)	3		15	1
159	2024-09-17 06:37:43.978452+02	56	ProductCost object (56)	3		15	1
160	2024-09-17 06:37:43.978478+02	55	ProductCost object (55)	3		15	1
161	2024-09-17 06:37:43.978503+02	54	ProductCost object (54)	3		15	1
162	2024-09-17 06:37:43.978528+02	53	ProductCost object (53)	3		15	1
163	2024-09-17 06:37:43.978552+02	52	ProductCost object (52)	3		15	1
164	2024-09-17 06:37:43.978578+02	51	ProductCost object (51)	3		15	1
165	2024-09-17 06:37:43.978603+02	50	ProductCost object (50)	3		15	1
166	2024-09-17 06:37:43.978642+02	49	ProductCost object (49)	3		15	1
167	2024-09-17 06:37:43.978667+02	48	ProductCost object (48)	3		15	1
168	2024-09-17 06:37:43.978691+02	47	ProductCost object (47)	3		15	1
169	2024-09-17 06:37:43.978716+02	46	ProductCost object (46)	3		15	1
171	2024-09-17 06:37:43.978766+02	44	ProductCost object (44)	3		15	1
172	2024-09-17 06:37:43.97879+02	43	ProductCost object (43)	3		15	1
173	2024-09-17 06:37:43.978814+02	42	ProductCost object (42)	3		15	1
174	2024-09-17 06:37:43.978837+02	41	ProductCost object (41)	3		15	1
175	2024-09-17 06:37:43.978863+02	40	ProductCost object (40)	3		15	1
176	2024-09-17 06:37:43.978887+02	39	ProductCost object (39)	3		15	1
177	2024-09-17 06:37:43.97891+02	38	ProductCost object (38)	3		15	1
178	2024-09-17 06:37:43.978933+02	37	ProductCost object (37)	3		15	1
179	2024-09-17 06:37:43.978956+02	36	ProductCost object (36)	3		15	1
180	2024-09-17 06:37:43.978979+02	35	ProductCost object (35)	3		15	1
181	2024-09-17 06:37:43.979003+02	34	ProductCost object (34)	3		15	1
182	2024-09-17 06:37:43.979027+02	33	ProductCost object (33)	3		15	1
183	2024-09-17 06:37:43.979052+02	32	ProductCost object (32)	3		15	1
184	2024-09-17 06:37:43.979076+02	31	ProductCost object (31)	3		15	1
185	2024-09-17 06:37:43.9791+02	30	ProductCost object (30)	3		15	1
186	2024-09-17 06:37:43.979123+02	29	ProductCost object (29)	3		15	1
187	2024-09-17 06:37:43.979147+02	28	ProductCost object (28)	3		15	1
188	2024-09-17 06:37:43.979172+02	27	ProductCost object (27)	3		15	1
189	2024-09-17 06:37:43.979197+02	26	ProductCost object (26)	3		15	1
190	2024-09-17 06:37:43.97922+02	25	ProductCost object (25)	3		15	1
191	2024-09-17 06:37:43.979244+02	24	ProductCost object (24)	3		15	1
192	2024-09-17 06:37:43.979268+02	23	ProductCost object (23)	3		15	1
193	2024-09-17 06:37:43.979292+02	22	ProductCost object (22)	3		15	1
194	2024-09-17 06:37:43.979316+02	21	ProductCost object (21)	3		15	1
195	2024-09-17 06:37:43.97934+02	20	ProductCost object (20)	3		15	1
196	2024-09-17 06:37:43.979363+02	19	ProductCost object (19)	3		15	1
197	2024-09-17 06:37:43.979388+02	18	ProductCost object (18)	3		15	1
198	2024-09-17 06:37:43.979413+02	17	ProductCost object (17)	3		15	1
199	2024-09-17 06:37:43.979439+02	16	ProductCost object (16)	3		15	1
200	2024-09-17 06:37:43.979463+02	15	ProductCost object (15)	3		15	1
201	2024-09-17 06:37:43.979487+02	14	ProductCost object (14)	3		15	1
202	2024-09-17 06:37:43.97951+02	13	ProductCost object (13)	3		15	1
203	2024-09-17 06:37:43.979534+02	12	ProductCost object (12)	3		15	1
204	2024-09-17 06:37:43.979558+02	11	ProductCost object (11)	3		15	1
205	2024-09-17 06:37:43.979581+02	10	ProductCost object (10)	3		15	1
206	2024-09-17 06:37:43.979605+02	9	ProductCost object (9)	3		15	1
207	2024-09-17 06:37:43.979631+02	8	ProductCost object (8)	3		15	1
208	2024-09-17 06:37:43.979656+02	7	ProductCost object (7)	3		15	1
209	2024-09-17 06:37:43.979681+02	6	ProductCost object (6)	3		15	1
210	2024-09-17 06:37:43.979705+02	5	ProductCost object (5)	3		15	1
211	2024-09-17 06:37:43.979728+02	4	ProductCost object (4)	3		15	1
212	2024-09-17 06:37:43.979752+02	3	ProductCost object (3)	3		15	1
213	2024-09-17 06:37:43.979776+02	2	ProductCost object (2)	3		15	1
214	2024-09-17 06:37:43.979801+02	1	ProductCost object (1)	3		15	1
215	2024-09-17 18:56:21.098958+02	1	David Brašnička - Toyota in Lipensko	1	[{"added": {}}]	16	1
216	2024-09-17 18:57:08.460026+02	2	Tomáš Kazík - Berlingo in Českobudějovicko	1	[{"added": {}}]	16	1
217	2024-09-17 18:57:27.004427+02	3	Tomáš Kazík - Toyota in Šumava	1	[{"added": {}}]	16	1
218	2024-09-17 18:58:43.305299+02	4	Martin Manhal - Toyota in Krumlovsko	1	[{"added": {}}]	16	1
219	2024-09-17 18:59:18.007361+02	5	Martin Manhal - Berlingo in Třeboňsko	1	[{"added": {}}]	16	1
220	2024-09-17 18:59:36.014074+02	6	David Brašnička - Toyota in Strakonicko	1	[{"added": {}}]	16	1
221	2024-09-17 19:01:06.286939+02	5	Třeboňsko	2	[{"changed": {"fields": ["Driver"]}}]	11	1
222	2024-09-17 19:01:18.753644+02	2	Českobudějovicko	2	[{"changed": {"fields": ["Driver"]}}]	11	1
\.


--
-- Data for Name: django_content_type; Type: TABLE DATA; Schema: public; Owner: postgres
--

COPY public.django_content_type (id, app_label, model) FROM stdin;
1	admin	logentry
2	auth	permission
3	auth	group
4	auth	user
5	contenttypes	contenttype
6	sessions	session
7	garden_app	product
8	garden_app	restaurant
9	garden_app	driver
10	garden_app	drivercar
11	garden_app	region
12	garden_app	car
13	garden_app	order
14	garden_app	orderitem
15	garden_app	productcost
16	garden_app	deliverycost
\.


--
-- Data for Name: django_migrations; Type: TABLE DATA; Schema: public; Owner: postgres
--

COPY public.django_migrations (id, app, name, applied) FROM stdin;
1	contenttypes	0001_initial	2024-09-07 16:25:43.464232+02
2	auth	0001_initial	2024-09-07 16:25:43.536161+02
3	admin	0001_initial	2024-09-07 16:25:43.553121+02
4	admin	0002_logentry_remove_auto_add	2024-09-07 16:25:43.559649+02
5	admin	0003_logentry_add_action_flag_choices	2024-09-07 16:25:43.565047+02
6	contenttypes	0002_remove_content_type_name	2024-09-07 16:25:43.580136+02
7	auth	0002_alter_permission_name_max_length	2024-09-07 16:25:43.597818+02
8	auth	0003_alter_user_email_max_length	2024-09-07 16:25:43.602679+02
9	auth	0004_alter_user_username_opts	2024-09-07 16:25:43.606612+02
10	auth	0005_alter_user_last_login_null	2024-09-07 16:25:43.611301+02
11	auth	0006_require_contenttypes_0002	2024-09-07 16:25:43.612049+02
12	auth	0007_alter_validators_add_error_messages	2024-09-07 16:25:43.616367+02
13	auth	0008_alter_user_username_max_length	2024-09-07 16:25:43.624813+02
14	auth	0009_alter_user_last_name_max_length	2024-09-07 16:25:43.629428+02
15	auth	0010_alter_group_name_max_length	2024-09-07 16:25:43.635147+02
16	auth	0011_update_proxy_permissions	2024-09-07 16:25:43.640696+02
17	auth	0012_alter_user_first_name_max_length	2024-09-07 16:25:43.645119+02
18	sessions	0001_initial	2024-09-07 16:25:43.653905+02
19	garden_app	0001_initial	2024-09-07 17:13:52.687973+02
20	garden_app	0002_alter_region_name	2024-09-08 12:40:04.455277+02
21	garden_app	0003_remove_driver_first_name_remove_driver_last_name_and_more	2024-09-08 13:22:15.767434+02
22	garden_app	0004_alter_region_name	2024-09-08 13:40:57.663346+02
23	garden_app	0005_order_orderitem	2024-09-09 10:52:04.472482+02
24	garden_app	0006_alter_order_date_alter_order_restaurant	2024-09-09 21:30:30.478551+02
25	garden_app	0007_alter_orderitem_quantity	2024-09-11 21:09:15.757117+02
26	garden_app	0008_order_description	2024-09-13 18:38:24.550034+02
27	garden_app	0009_region_delivery_day	2024-09-14 09:39:23.202012+02
28	garden_app	0010_rename_type_car_car_type_drivercar_salary_region_km	2024-09-16 16:55:24.841602+02
29	garden_app	0011_car_capacity	2024-09-16 17:19:55.369221+02
30	garden_app	0012_region_deliver_time	2024-09-16 17:52:44.197895+02
31	garden_app	0013_remove_drivercar_driver_remove_drivercar_salary_and_more	2024-09-16 21:43:22.205354+02
32	garden_app	0014_remove_driver_salary_product_salary_and_more	2024-09-16 22:28:36.21501+02
33	garden_app	0015_remove_product_salary_productcost_salary	2024-09-16 22:30:21.109117+02
34	garden_app	0016_remove_productcost_driver	2024-09-17 06:15:55.146151+02
35	garden_app	0017_region_preparing_time_deliverycost_delete_drivercar	2024-09-17 17:31:35.477891+02
36	garden_app	0018_driver_salary	2024-09-18 06:16:50.136743+02
37	garden_app	0019_deliverycost_fuel_cost_deliverycost_salary_cost_and_more	2024-09-18 21:12:48.459683+02
38	garden_app	0020_deliverycost_total_sales	2024-09-19 06:18:22.394179+02
39	garden_app	0021_deliverycost_margin	2024-09-19 06:28:46.337275+02
40	garden_app	0022_productcost_total_product_cost	2024-09-20 15:01:45.54164+02
41	garden_app	0023_alter_productcost_total_product_cost	2024-09-21 09:59:00.070571+02
42	garden_app	0024_alter_car_capacity_alter_car_consumption_and_more	2024-09-22 20:52:43.153266+02
43	garden_app	0025_alter_car_year_alter_deliverycost_fuel_cost_and_more	2024-09-23 06:03:11.111554+02
44	garden_app	0026_alter_productcost_total_product_cost	2024-10-04 16:25:14.067217+02
45	garden_app	0027_alter_productcost_total_product_cost	2024-10-04 16:51:08.502581+02
\.


--
-- Data for Name: django_session; Type: TABLE DATA; Schema: public; Owner: postgres
--

COPY public.django_session (session_key, session_data, expire_date) FROM stdin;
3cq77j3xt0k5dtju4wqb6ly6dha52mbf	.eJxVjEEOwiAQRe_C2hCYCqUu3XsGMgODVA0kpV0Z7y5NutDte-__t_C4rdlvjRc_R3ERWpx-GWF4ctlFfGC5VxlqWZeZ5J7IwzZ5q5Ff16P9O8jYcl8PitjRpLQxzOdkLRMiOT1yAI7gRugkQjSkITk7oEIzaVCDSr3QID5f-CY4Fw:1stfpt:xGtDQy0S5ba__IrDCkuGNy7bCCtvR_CkJw7OcfBFTxU	2024-10-10 06:10:37.857623+02
\.


--
-- Data for Name: garden_app_car; Type: TABLE DATA; Schema: public; Owner: postgres
--

COPY public.garden_app_car (id, car_type, year, consumption, price, capacity) FROM stdin;
2	Toyota	2022	6.5	400000	576
1	Berlingo	2010	6	80000	432
\.


--
-- Data for Name: garden_app_car_users; Type: TABLE DATA; Schema: public; Owner: postgres
--

COPY public.garden_app_car_users (id, car_id, driver_id) FROM stdin;
1	1	3
2	2	2
3	2	1
4	2	3
5	1	1
6	1	2
\.


--
-- Data for Name: garden_app_deliverycost; Type: TABLE DATA; Schema: public; Owner: postgres
--

COPY public.garden_app_deliverycost (id, fuel_price, date, car_id, region_id, fuel_cost, salary_cost, total_delivery_costs, total_products_costs, total_sales, margin) FROM stdin;
2	32	2024-10-16	1	2	144	621	2594	1829	9900	7306
1	32	2024-10-16	2	6	359	1021	1493	113	1430	-63
6	32	2024-10-16	2	3	262	802	2055	991	4730	2675
5	32	2024-10-16	1	5	186	599	1441	656	2585	1144
4	32	2024-10-16	2	4	257	730	1375	388	1650	275
3	32	2024-10-16	2	1	517	1407	4337	2413	13200	8863
\.


--
-- Data for Name: garden_app_driver; Type: TABLE DATA; Schema: public; Owner: postgres
--

COPY public.garden_app_driver (id, phone_number, user_id, salary) FROM stdin;
2	+ 420 333 221 223	2	250
3	+420 003 339 333	3	250
1	+ 420 776 023 689	1	250
\.


--
-- Data for Name: garden_app_order; Type: TABLE DATA; Schema: public; Owner: postgres
--

COPY public.garden_app_order (id, date, restaurant_id, description) FROM stdin;
11	2024-09-30	11	\N
4	2024-09-13	2	\N
5	2024-10-04	9	\N
7	2024-09-14	6	\N
3	2024-10-04	8	\N
12	2024-10-04	4	\N
6	2024-09-30	1	hovno
9	2024-09-19	12	\N
16	2024-10-04	16	\N
10	2024-09-22	7	\N
15	2024-09-30	10	Datlík
2	2024-09-30	13	\N
8	2024-09-30	15	\N
14	2024-09-22	5	\N
1	2024-10-05	3	vvvv
13	2024-09-30	14	new restaurant
\.


--
-- Data for Name: garden_app_orderitem; Type: TABLE DATA; Schema: public; Owner: postgres
--

COPY public.garden_app_orderitem (id, quantity, order_id, product_id) FROM stdin;
137	5	11	2
143	18	10	7
115	2	2	8
128	5	8	3
124	6	7	3
102	2	1	10
103	1	1	11
131	6	4	5
104	2	1	12
162	1	8	8
129	24	4	7
125	4	5	3
119	16	3	9
113	14	2	6
106	10	1	8
101	4	1	9
108	1	2	3
126	3	5	4
127	2	7	4
150	4	15	9
144	12	10	6
132	9	7	6
114	38	2	9
111	13	2	5
109	30	1	5
112	3	2	11
133	2	7	7
163	5	13	8
151	2	15	10
110	31	1	6
154	2	15	2
121	11	3	7
122	2	3	8
145	12	13	3
120	16	3	6
135	12	10	3
155	3	15	5
118	17	3	5
139	7	12	5
152	2	15	11
116	15	3	3
100	10	1	7
105	2	1	2
138	4	9	2
146	4	14	3
134	6	9	3
117	12	3	4
156	1	15	3
153	2	15	12
123	10	4	6
157	1	6	6
164	8	11	8
140	12	9	8
136	8	10	2
130	1	4	8
141	4	9	7
158	12	6	7
142	3	2	4
107	13	1	4
98	61	1	3
159	8	6	9
147	6	15	6
160	5	6	10
166	7	3	16
148	7	15	7
161	5	6	11
97	3	6	3
149	7	15	8
167	8	12	16
168	5	16	16
\.


--
-- Data for Name: garden_app_product; Type: TABLE DATA; Schema: public; Owner: postgres
--

COPY public.garden_app_product (id, name, days_of_growth, sale_price, cost_price, seeds_amount, seeding_time, watering_time) FROM stdin;
6	Hořčice	5	55	430	2	40	10
7	Mizuna	6	55	750	1.5	40	10
8	Rukola	7	55	320	1.4	40	10
9	Brokolice	7	55	270	1.5	40	10
10	Kedluben	7	55	480	2.5	40	10
11	Řepa	10	55	210	5	40	10
12	Zelí	8	55	640	2.5	40	10
2	Hrášek	13	55	400	15	40	10
5	Řeřicha	4	55	320	2	40	10
3	Daikon	5	55	190	5	40	10
4	Ch. Rose	5	55	190	5	40	10
16	Amarant	12	55	3400	1	40	10
\.


--
-- Data for Name: garden_app_productcost; Type: TABLE DATA; Schema: public; Owner: postgres
--

COPY public.garden_app_productcost (id, kw_price, watts, lighting_hours, product_id, salary, total_product_cost) FROM stdin;
122	4	60	18	3	250	9.09
123	4	60	18	4	250	9.09
124	4	60	18	6	250	9.09
125	4	60	18	7	250	12.09
126	4	60	18	8	250	12.09
127	4	60	18	9	250	12.09
128	4	60	18	10	250	13.09
129	4	60	18	11	250	17.09
130	4	60	18	12	250	14.09
131	4	60	18	2	250	26.09
132	4	60	18	5	250	8.09
137	4	60	18	16	250	0
\.


--
-- Data for Name: garden_app_region; Type: TABLE DATA; Schema: public; Owner: postgres
--

COPY public.garden_app_region (id, name, driver_id, delivery_day, km, deliver_time, preparing_time) FROM stdin;
2	Českobudějovicko	2	Thursday	75	2.3	0.1875
6	Lipensko	3	Friday	173	4.0600000000000005	0.027083333333333334
3	Strakonicko	3	Wednesday	126	3.12	0.08958333333333333
5	Třeboňsko	1	Tuesday	97	2.35	0.04895833333333333
4	Krumlovsko	2	Monday	124	2.89	0.03125
1	Šumava	1	Thursday	249	5.380000000000001	0.25
\.


--
-- Data for Name: garden_app_restaurant; Type: TABLE DATA; Schema: public; Owner: postgres
--

COPY public.garden_app_restaurant (id, name, city, distance, email, region_id) FROM stdin;
1	U Bílého Jednorožce	Třeboň	32	jednorozec@email.cz	5
2	Slunce	České Budějovice	25	slunce@seznam.cz	2
3	U Kukaček	Modrava	88	kukacka@seznam.cz	1
4	Amenity Resort	Lipno nad Vltavou	55	amenity@seznam.cz	6
6	Moka Café	Tábor	48	moca@seznam.cz	3
7	Pomodoro	Písek	28	pomodoro@seznam.cz	3
8	Bistro Cobliha	České Budějovice	25	cobliha@gmail.cz	2
9	Klika Restaurant	České Budějovice	25	klika@seznam.cz	2
10	Café Datel	České Budějovice	25	datel@emial.cz	2
11	Kopretina	Třeboň	33	kopretina@seznam.cz	5
12	Vrátnice	Český Krumlov	40	vratnice@seznam.cz	4
13	Divoký Bistro	Úbislav	78	divokybistro@email.cz	1
14	Goldie Restarant	Tábor	50	goldie@seznam.cz	3
15	Restaurace Stodola	Lipno nad Vltavou	60	stodola@gmail.com	6
5	Papas Living	Český Krumlov	43	papas@seznam.cz	4
16	Gemilli	Lipno nad Vltavou	58	gemili@trilisky.cz	6
\.


--
-- Name: auth_group_id_seq; Type: SEQUENCE SET; Schema: public; Owner: postgres
--

SELECT pg_catalog.setval('public.auth_group_id_seq', 1, false);


--
-- Name: auth_group_permissions_id_seq; Type: SEQUENCE SET; Schema: public; Owner: postgres
--

SELECT pg_catalog.setval('public.auth_group_permissions_id_seq', 1, false);


--
-- Name: auth_permission_id_seq; Type: SEQUENCE SET; Schema: public; Owner: postgres
--

SELECT pg_catalog.setval('public.auth_permission_id_seq', 64, true);


--
-- Name: auth_user_groups_id_seq; Type: SEQUENCE SET; Schema: public; Owner: postgres
--

SELECT pg_catalog.setval('public.auth_user_groups_id_seq', 1, false);


--
-- Name: auth_user_id_seq; Type: SEQUENCE SET; Schema: public; Owner: postgres
--

SELECT pg_catalog.setval('public.auth_user_id_seq', 3, true);


--
-- Name: auth_user_user_permissions_id_seq; Type: SEQUENCE SET; Schema: public; Owner: postgres
--

SELECT pg_catalog.setval('public.auth_user_user_permissions_id_seq', 2, true);


--
-- Name: django_admin_log_id_seq; Type: SEQUENCE SET; Schema: public; Owner: postgres
--

SELECT pg_catalog.setval('public.django_admin_log_id_seq', 222, true);


--
-- Name: django_content_type_id_seq; Type: SEQUENCE SET; Schema: public; Owner: postgres
--

SELECT pg_catalog.setval('public.django_content_type_id_seq', 16, true);


--
-- Name: django_migrations_id_seq; Type: SEQUENCE SET; Schema: public; Owner: postgres
--

SELECT pg_catalog.setval('public.django_migrations_id_seq', 45, true);


--
-- Name: garden_app_car_id_seq; Type: SEQUENCE SET; Schema: public; Owner: postgres
--

SELECT pg_catalog.setval('public.garden_app_car_id_seq', 2, true);


--
-- Name: garden_app_car_users_id_seq; Type: SEQUENCE SET; Schema: public; Owner: postgres
--

SELECT pg_catalog.setval('public.garden_app_car_users_id_seq', 6, true);


--
-- Name: garden_app_deliverycost_id_seq; Type: SEQUENCE SET; Schema: public; Owner: postgres
--

SELECT pg_catalog.setval('public.garden_app_deliverycost_id_seq', 6, true);


--
-- Name: garden_app_driver_id_seq; Type: SEQUENCE SET; Schema: public; Owner: postgres
--

SELECT pg_catalog.setval('public.garden_app_driver_id_seq', 3, true);


--
-- Name: garden_app_order_id_seq; Type: SEQUENCE SET; Schema: public; Owner: postgres
--

SELECT pg_catalog.setval('public.garden_app_order_id_seq', 16, true);


--
-- Name: garden_app_orderitem_id_seq; Type: SEQUENCE SET; Schema: public; Owner: postgres
--

SELECT pg_catalog.setval('public.garden_app_orderitem_id_seq', 168, true);


--
-- Name: garden_app_product_id_seq; Type: SEQUENCE SET; Schema: public; Owner: postgres
--

SELECT pg_catalog.setval('public.garden_app_product_id_seq', 16, true);


--
-- Name: garden_app_productcost_id_seq; Type: SEQUENCE SET; Schema: public; Owner: postgres
--

SELECT pg_catalog.setval('public.garden_app_productcost_id_seq', 137, true);


--
-- Name: garden_app_region_id_seq; Type: SEQUENCE SET; Schema: public; Owner: postgres
--

SELECT pg_catalog.setval('public.garden_app_region_id_seq', 6, true);


--
-- Name: garden_app_restaurant_id_seq; Type: SEQUENCE SET; Schema: public; Owner: postgres
--

SELECT pg_catalog.setval('public.garden_app_restaurant_id_seq', 16, true);


--
-- Name: auth_group auth_group_name_key; Type: CONSTRAINT; Schema: public; Owner: postgres
--

ALTER TABLE ONLY public.auth_group
    ADD CONSTRAINT auth_group_name_key UNIQUE (name);


--
-- Name: auth_group_permissions auth_group_permissions_group_id_permission_id_0cd325b0_uniq; Type: CONSTRAINT; Schema: public; Owner: postgres
--

ALTER TABLE ONLY public.auth_group_permissions
    ADD CONSTRAINT auth_group_permissions_group_id_permission_id_0cd325b0_uniq UNIQUE (group_id, permission_id);


--
-- Name: auth_group_permissions auth_group_permissions_pkey; Type: CONSTRAINT; Schema: public; Owner: postgres
--

ALTER TABLE ONLY public.auth_group_permissions
    ADD CONSTRAINT auth_group_permissions_pkey PRIMARY KEY (id);


--
-- Name: auth_group auth_group_pkey; Type: CONSTRAINT; Schema: public; Owner: postgres
--

ALTER TABLE ONLY public.auth_group
    ADD CONSTRAINT auth_group_pkey PRIMARY KEY (id);


--
-- Name: auth_permission auth_permission_content_type_id_codename_01ab375a_uniq; Type: CONSTRAINT; Schema: public; Owner: postgres
--

ALTER TABLE ONLY public.auth_permission
    ADD CONSTRAINT auth_permission_content_type_id_codename_01ab375a_uniq UNIQUE (content_type_id, codename);


--
-- Name: auth_permission auth_permission_pkey; Type: CONSTRAINT; Schema: public; Owner: postgres
--

ALTER TABLE ONLY public.auth_permission
    ADD CONSTRAINT auth_permission_pkey PRIMARY KEY (id);


--
-- Name: auth_user_groups auth_user_groups_pkey; Type: CONSTRAINT; Schema: public; Owner: postgres
--

ALTER TABLE ONLY public.auth_user_groups
    ADD CONSTRAINT auth_user_groups_pkey PRIMARY KEY (id);


--
-- Name: auth_user_groups auth_user_groups_user_id_group_id_94350c0c_uniq; Type: CONSTRAINT; Schema: public; Owner: postgres
--

ALTER TABLE ONLY public.auth_user_groups
    ADD CONSTRAINT auth_user_groups_user_id_group_id_94350c0c_uniq UNIQUE (user_id, group_id);


--
-- Name: auth_user auth_user_pkey; Type: CONSTRAINT; Schema: public; Owner: postgres
--

ALTER TABLE ONLY public.auth_user
    ADD CONSTRAINT auth_user_pkey PRIMARY KEY (id);


--
-- Name: auth_user_user_permissions auth_user_user_permissions_pkey; Type: CONSTRAINT; Schema: public; Owner: postgres
--

ALTER TABLE ONLY public.auth_user_user_permissions
    ADD CONSTRAINT auth_user_user_permissions_pkey PRIMARY KEY (id);


--
-- Name: auth_user_user_permissions auth_user_user_permissions_user_id_permission_id_14a6b632_uniq; Type: CONSTRAINT; Schema: public; Owner: postgres
--

ALTER TABLE ONLY public.auth_user_user_permissions
    ADD CONSTRAINT auth_user_user_permissions_user_id_permission_id_14a6b632_uniq UNIQUE (user_id, permission_id);


--
-- Name: auth_user auth_user_username_key; Type: CONSTRAINT; Schema: public; Owner: postgres
--

ALTER TABLE ONLY public.auth_user
    ADD CONSTRAINT auth_user_username_key UNIQUE (username);


--
-- Name: django_admin_log django_admin_log_pkey; Type: CONSTRAINT; Schema: public; Owner: postgres
--

ALTER TABLE ONLY public.django_admin_log
    ADD CONSTRAINT django_admin_log_pkey PRIMARY KEY (id);


--
-- Name: django_content_type django_content_type_app_label_model_76bd3d3b_uniq; Type: CONSTRAINT; Schema: public; Owner: postgres
--

ALTER TABLE ONLY public.django_content_type
    ADD CONSTRAINT django_content_type_app_label_model_76bd3d3b_uniq UNIQUE (app_label, model);


--
-- Name: django_content_type django_content_type_pkey; Type: CONSTRAINT; Schema: public; Owner: postgres
--

ALTER TABLE ONLY public.django_content_type
    ADD CONSTRAINT django_content_type_pkey PRIMARY KEY (id);


--
-- Name: django_migrations django_migrations_pkey; Type: CONSTRAINT; Schema: public; Owner: postgres
--

ALTER TABLE ONLY public.django_migrations
    ADD CONSTRAINT django_migrations_pkey PRIMARY KEY (id);


--
-- Name: django_session django_session_pkey; Type: CONSTRAINT; Schema: public; Owner: postgres
--

ALTER TABLE ONLY public.django_session
    ADD CONSTRAINT django_session_pkey PRIMARY KEY (session_key);


--
-- Name: garden_app_car garden_app_car_pkey; Type: CONSTRAINT; Schema: public; Owner: postgres
--

ALTER TABLE ONLY public.garden_app_car
    ADD CONSTRAINT garden_app_car_pkey PRIMARY KEY (id);


--
-- Name: garden_app_car_users garden_app_car_users_car_id_driver_id_f3b1ec75_uniq; Type: CONSTRAINT; Schema: public; Owner: postgres
--

ALTER TABLE ONLY public.garden_app_car_users
    ADD CONSTRAINT garden_app_car_users_car_id_driver_id_f3b1ec75_uniq UNIQUE (car_id, driver_id);


--
-- Name: garden_app_car_users garden_app_car_users_pkey; Type: CONSTRAINT; Schema: public; Owner: postgres
--

ALTER TABLE ONLY public.garden_app_car_users
    ADD CONSTRAINT garden_app_car_users_pkey PRIMARY KEY (id);


--
-- Name: garden_app_deliverycost garden_app_deliverycost_pkey; Type: CONSTRAINT; Schema: public; Owner: postgres
--

ALTER TABLE ONLY public.garden_app_deliverycost
    ADD CONSTRAINT garden_app_deliverycost_pkey PRIMARY KEY (id);


--
-- Name: garden_app_driver garden_app_driver_pkey; Type: CONSTRAINT; Schema: public; Owner: postgres
--

ALTER TABLE ONLY public.garden_app_driver
    ADD CONSTRAINT garden_app_driver_pkey PRIMARY KEY (id);


--
-- Name: garden_app_driver garden_app_driver_user_id_key; Type: CONSTRAINT; Schema: public; Owner: postgres
--

ALTER TABLE ONLY public.garden_app_driver
    ADD CONSTRAINT garden_app_driver_user_id_key UNIQUE (user_id);


--
-- Name: garden_app_order garden_app_order_pkey; Type: CONSTRAINT; Schema: public; Owner: postgres
--

ALTER TABLE ONLY public.garden_app_order
    ADD CONSTRAINT garden_app_order_pkey PRIMARY KEY (id);


--
-- Name: garden_app_order garden_app_order_restaurant_id_18562a22_uniq; Type: CONSTRAINT; Schema: public; Owner: postgres
--

ALTER TABLE ONLY public.garden_app_order
    ADD CONSTRAINT garden_app_order_restaurant_id_18562a22_uniq UNIQUE (restaurant_id);


--
-- Name: garden_app_orderitem garden_app_orderitem_pkey; Type: CONSTRAINT; Schema: public; Owner: postgres
--

ALTER TABLE ONLY public.garden_app_orderitem
    ADD CONSTRAINT garden_app_orderitem_pkey PRIMARY KEY (id);


--
-- Name: garden_app_product garden_app_product_pkey; Type: CONSTRAINT; Schema: public; Owner: postgres
--

ALTER TABLE ONLY public.garden_app_product
    ADD CONSTRAINT garden_app_product_pkey PRIMARY KEY (id);


--
-- Name: garden_app_productcost garden_app_productcost_pkey; Type: CONSTRAINT; Schema: public; Owner: postgres
--

ALTER TABLE ONLY public.garden_app_productcost
    ADD CONSTRAINT garden_app_productcost_pkey PRIMARY KEY (id);


--
-- Name: garden_app_region garden_app_region_pkey; Type: CONSTRAINT; Schema: public; Owner: postgres
--

ALTER TABLE ONLY public.garden_app_region
    ADD CONSTRAINT garden_app_region_pkey PRIMARY KEY (id);


--
-- Name: garden_app_restaurant garden_app_restaurant_pkey; Type: CONSTRAINT; Schema: public; Owner: postgres
--

ALTER TABLE ONLY public.garden_app_restaurant
    ADD CONSTRAINT garden_app_restaurant_pkey PRIMARY KEY (id);


--
-- Name: auth_group_name_a6ea08ec_like; Type: INDEX; Schema: public; Owner: postgres
--

CREATE INDEX auth_group_name_a6ea08ec_like ON public.auth_group USING btree (name varchar_pattern_ops);


--
-- Name: auth_group_permissions_group_id_b120cbf9; Type: INDEX; Schema: public; Owner: postgres
--

CREATE INDEX auth_group_permissions_group_id_b120cbf9 ON public.auth_group_permissions USING btree (group_id);


--
-- Name: auth_group_permissions_permission_id_84c5c92e; Type: INDEX; Schema: public; Owner: postgres
--

CREATE INDEX auth_group_permissions_permission_id_84c5c92e ON public.auth_group_permissions USING btree (permission_id);


--
-- Name: auth_permission_content_type_id_2f476e4b; Type: INDEX; Schema: public; Owner: postgres
--

CREATE INDEX auth_permission_content_type_id_2f476e4b ON public.auth_permission USING btree (content_type_id);


--
-- Name: auth_user_groups_group_id_97559544; Type: INDEX; Schema: public; Owner: postgres
--

CREATE INDEX auth_user_groups_group_id_97559544 ON public.auth_user_groups USING btree (group_id);


--
-- Name: auth_user_groups_user_id_6a12ed8b; Type: INDEX; Schema: public; Owner: postgres
--

CREATE INDEX auth_user_groups_user_id_6a12ed8b ON public.auth_user_groups USING btree (user_id);


--
-- Name: auth_user_user_permissions_permission_id_1fbb5f2c; Type: INDEX; Schema: public; Owner: postgres
--

CREATE INDEX auth_user_user_permissions_permission_id_1fbb5f2c ON public.auth_user_user_permissions USING btree (permission_id);


--
-- Name: auth_user_user_permissions_user_id_a95ead1b; Type: INDEX; Schema: public; Owner: postgres
--

CREATE INDEX auth_user_user_permissions_user_id_a95ead1b ON public.auth_user_user_permissions USING btree (user_id);


--
-- Name: auth_user_username_6821ab7c_like; Type: INDEX; Schema: public; Owner: postgres
--

CREATE INDEX auth_user_username_6821ab7c_like ON public.auth_user USING btree (username varchar_pattern_ops);


--
-- Name: django_admin_log_content_type_id_c4bce8eb; Type: INDEX; Schema: public; Owner: postgres
--

CREATE INDEX django_admin_log_content_type_id_c4bce8eb ON public.django_admin_log USING btree (content_type_id);


--
-- Name: django_admin_log_user_id_c564eba6; Type: INDEX; Schema: public; Owner: postgres
--

CREATE INDEX django_admin_log_user_id_c564eba6 ON public.django_admin_log USING btree (user_id);


--
-- Name: django_session_expire_date_a5c62663; Type: INDEX; Schema: public; Owner: postgres
--

CREATE INDEX django_session_expire_date_a5c62663 ON public.django_session USING btree (expire_date);


--
-- Name: django_session_session_key_c0390e0f_like; Type: INDEX; Schema: public; Owner: postgres
--

CREATE INDEX django_session_session_key_c0390e0f_like ON public.django_session USING btree (session_key varchar_pattern_ops);


--
-- Name: garden_app_car_users_car_id_6288ed7f; Type: INDEX; Schema: public; Owner: postgres
--

CREATE INDEX garden_app_car_users_car_id_6288ed7f ON public.garden_app_car_users USING btree (car_id);


--
-- Name: garden_app_car_users_driver_id_0391449e; Type: INDEX; Schema: public; Owner: postgres
--

CREATE INDEX garden_app_car_users_driver_id_0391449e ON public.garden_app_car_users USING btree (driver_id);


--
-- Name: garden_app_deliverycost_car_id_cac9433e; Type: INDEX; Schema: public; Owner: postgres
--

CREATE INDEX garden_app_deliverycost_car_id_cac9433e ON public.garden_app_deliverycost USING btree (car_id);


--
-- Name: garden_app_deliverycost_region_id_b69504c2; Type: INDEX; Schema: public; Owner: postgres
--

CREATE INDEX garden_app_deliverycost_region_id_b69504c2 ON public.garden_app_deliverycost USING btree (region_id);


--
-- Name: garden_app_orderitem_order_id_60a10ec1; Type: INDEX; Schema: public; Owner: postgres
--

CREATE INDEX garden_app_orderitem_order_id_60a10ec1 ON public.garden_app_orderitem USING btree (order_id);


--
-- Name: garden_app_orderitem_product_id_5594fa76; Type: INDEX; Schema: public; Owner: postgres
--

CREATE INDEX garden_app_orderitem_product_id_5594fa76 ON public.garden_app_orderitem USING btree (product_id);


--
-- Name: garden_app_productcost_product_id_d1cdc37f; Type: INDEX; Schema: public; Owner: postgres
--

CREATE INDEX garden_app_productcost_product_id_d1cdc37f ON public.garden_app_productcost USING btree (product_id);


--
-- Name: garden_app_region_driver_id_41d4fdd2; Type: INDEX; Schema: public; Owner: postgres
--

CREATE INDEX garden_app_region_driver_id_41d4fdd2 ON public.garden_app_region USING btree (driver_id);


--
-- Name: garden_app_restaurant_region_id_07dec98d; Type: INDEX; Schema: public; Owner: postgres
--

CREATE INDEX garden_app_restaurant_region_id_07dec98d ON public.garden_app_restaurant USING btree (region_id);


--
-- Name: auth_group_permissions auth_group_permissio_permission_id_84c5c92e_fk_auth_perm; Type: FK CONSTRAINT; Schema: public; Owner: postgres
--

ALTER TABLE ONLY public.auth_group_permissions
    ADD CONSTRAINT auth_group_permissio_permission_id_84c5c92e_fk_auth_perm FOREIGN KEY (permission_id) REFERENCES public.auth_permission(id) DEFERRABLE INITIALLY DEFERRED;


--
-- Name: auth_group_permissions auth_group_permissions_group_id_b120cbf9_fk_auth_group_id; Type: FK CONSTRAINT; Schema: public; Owner: postgres
--

ALTER TABLE ONLY public.auth_group_permissions
    ADD CONSTRAINT auth_group_permissions_group_id_b120cbf9_fk_auth_group_id FOREIGN KEY (group_id) REFERENCES public.auth_group(id) DEFERRABLE INITIALLY DEFERRED;


--
-- Name: auth_permission auth_permission_content_type_id_2f476e4b_fk_django_co; Type: FK CONSTRAINT; Schema: public; Owner: postgres
--

ALTER TABLE ONLY public.auth_permission
    ADD CONSTRAINT auth_permission_content_type_id_2f476e4b_fk_django_co FOREIGN KEY (content_type_id) REFERENCES public.django_content_type(id) DEFERRABLE INITIALLY DEFERRED;


--
-- Name: auth_user_groups auth_user_groups_group_id_97559544_fk_auth_group_id; Type: FK CONSTRAINT; Schema: public; Owner: postgres
--

ALTER TABLE ONLY public.auth_user_groups
    ADD CONSTRAINT auth_user_groups_group_id_97559544_fk_auth_group_id FOREIGN KEY (group_id) REFERENCES public.auth_group(id) DEFERRABLE INITIALLY DEFERRED;


--
-- Name: auth_user_groups auth_user_groups_user_id_6a12ed8b_fk_auth_user_id; Type: FK CONSTRAINT; Schema: public; Owner: postgres
--

ALTER TABLE ONLY public.auth_user_groups
    ADD CONSTRAINT auth_user_groups_user_id_6a12ed8b_fk_auth_user_id FOREIGN KEY (user_id) REFERENCES public.auth_user(id) DEFERRABLE INITIALLY DEFERRED;


--
-- Name: auth_user_user_permissions auth_user_user_permi_permission_id_1fbb5f2c_fk_auth_perm; Type: FK CONSTRAINT; Schema: public; Owner: postgres
--

ALTER TABLE ONLY public.auth_user_user_permissions
    ADD CONSTRAINT auth_user_user_permi_permission_id_1fbb5f2c_fk_auth_perm FOREIGN KEY (permission_id) REFERENCES public.auth_permission(id) DEFERRABLE INITIALLY DEFERRED;


--
-- Name: auth_user_user_permissions auth_user_user_permissions_user_id_a95ead1b_fk_auth_user_id; Type: FK CONSTRAINT; Schema: public; Owner: postgres
--

ALTER TABLE ONLY public.auth_user_user_permissions
    ADD CONSTRAINT auth_user_user_permissions_user_id_a95ead1b_fk_auth_user_id FOREIGN KEY (user_id) REFERENCES public.auth_user(id) DEFERRABLE INITIALLY DEFERRED;


--
-- Name: django_admin_log django_admin_log_content_type_id_c4bce8eb_fk_django_co; Type: FK CONSTRAINT; Schema: public; Owner: postgres
--

ALTER TABLE ONLY public.django_admin_log
    ADD CONSTRAINT django_admin_log_content_type_id_c4bce8eb_fk_django_co FOREIGN KEY (content_type_id) REFERENCES public.django_content_type(id) DEFERRABLE INITIALLY DEFERRED;


--
-- Name: django_admin_log django_admin_log_user_id_c564eba6_fk_auth_user_id; Type: FK CONSTRAINT; Schema: public; Owner: postgres
--

ALTER TABLE ONLY public.django_admin_log
    ADD CONSTRAINT django_admin_log_user_id_c564eba6_fk_auth_user_id FOREIGN KEY (user_id) REFERENCES public.auth_user(id) DEFERRABLE INITIALLY DEFERRED;


--
-- Name: garden_app_car_users garden_app_car_users_car_id_6288ed7f_fk_garden_app_car_id; Type: FK CONSTRAINT; Schema: public; Owner: postgres
--

ALTER TABLE ONLY public.garden_app_car_users
    ADD CONSTRAINT garden_app_car_users_car_id_6288ed7f_fk_garden_app_car_id FOREIGN KEY (car_id) REFERENCES public.garden_app_car(id) DEFERRABLE INITIALLY DEFERRED;


--
-- Name: garden_app_car_users garden_app_car_users_driver_id_0391449e_fk_garden_app_driver_id; Type: FK CONSTRAINT; Schema: public; Owner: postgres
--

ALTER TABLE ONLY public.garden_app_car_users
    ADD CONSTRAINT garden_app_car_users_driver_id_0391449e_fk_garden_app_driver_id FOREIGN KEY (driver_id) REFERENCES public.garden_app_driver(id) DEFERRABLE INITIALLY DEFERRED;


--
-- Name: garden_app_deliverycost garden_app_deliveryc_region_id_b69504c2_fk_garden_ap; Type: FK CONSTRAINT; Schema: public; Owner: postgres
--

ALTER TABLE ONLY public.garden_app_deliverycost
    ADD CONSTRAINT garden_app_deliveryc_region_id_b69504c2_fk_garden_ap FOREIGN KEY (region_id) REFERENCES public.garden_app_region(id) DEFERRABLE INITIALLY DEFERRED;


--
-- Name: garden_app_deliverycost garden_app_deliverycost_car_id_cac9433e_fk_garden_app_car_id; Type: FK CONSTRAINT; Schema: public; Owner: postgres
--

ALTER TABLE ONLY public.garden_app_deliverycost
    ADD CONSTRAINT garden_app_deliverycost_car_id_cac9433e_fk_garden_app_car_id FOREIGN KEY (car_id) REFERENCES public.garden_app_car(id) DEFERRABLE INITIALLY DEFERRED;


--
-- Name: garden_app_driver garden_app_driver_user_id_85108a16_fk_auth_user_id; Type: FK CONSTRAINT; Schema: public; Owner: postgres
--

ALTER TABLE ONLY public.garden_app_driver
    ADD CONSTRAINT garden_app_driver_user_id_85108a16_fk_auth_user_id FOREIGN KEY (user_id) REFERENCES public.auth_user(id) DEFERRABLE INITIALLY DEFERRED;


--
-- Name: garden_app_order garden_app_order_restaurant_id_18562a22_fk_garden_ap; Type: FK CONSTRAINT; Schema: public; Owner: postgres
--

ALTER TABLE ONLY public.garden_app_order
    ADD CONSTRAINT garden_app_order_restaurant_id_18562a22_fk_garden_ap FOREIGN KEY (restaurant_id) REFERENCES public.garden_app_restaurant(id) DEFERRABLE INITIALLY DEFERRED;


--
-- Name: garden_app_orderitem garden_app_orderitem_order_id_60a10ec1_fk_garden_app_order_id; Type: FK CONSTRAINT; Schema: public; Owner: postgres
--

ALTER TABLE ONLY public.garden_app_orderitem
    ADD CONSTRAINT garden_app_orderitem_order_id_60a10ec1_fk_garden_app_order_id FOREIGN KEY (order_id) REFERENCES public.garden_app_order(id) DEFERRABLE INITIALLY DEFERRED;


--
-- Name: garden_app_orderitem garden_app_orderitem_product_id_5594fa76_fk_garden_ap; Type: FK CONSTRAINT; Schema: public; Owner: postgres
--

ALTER TABLE ONLY public.garden_app_orderitem
    ADD CONSTRAINT garden_app_orderitem_product_id_5594fa76_fk_garden_ap FOREIGN KEY (product_id) REFERENCES public.garden_app_product(id) DEFERRABLE INITIALLY DEFERRED;


--
-- Name: garden_app_productcost garden_app_productco_product_id_d1cdc37f_fk_garden_ap; Type: FK CONSTRAINT; Schema: public; Owner: postgres
--

ALTER TABLE ONLY public.garden_app_productcost
    ADD CONSTRAINT garden_app_productco_product_id_d1cdc37f_fk_garden_ap FOREIGN KEY (product_id) REFERENCES public.garden_app_product(id) DEFERRABLE INITIALLY DEFERRED;


--
-- Name: garden_app_region garden_app_region_driver_id_41d4fdd2_fk_garden_app_driver_id; Type: FK CONSTRAINT; Schema: public; Owner: postgres
--

ALTER TABLE ONLY public.garden_app_region
    ADD CONSTRAINT garden_app_region_driver_id_41d4fdd2_fk_garden_app_driver_id FOREIGN KEY (driver_id) REFERENCES public.garden_app_driver(id) DEFERRABLE INITIALLY DEFERRED;


--
-- Name: garden_app_restaurant garden_app_restauran_region_id_07dec98d_fk_garden_ap; Type: FK CONSTRAINT; Schema: public; Owner: postgres
--

ALTER TABLE ONLY public.garden_app_restaurant
    ADD CONSTRAINT garden_app_restauran_region_id_07dec98d_fk_garden_ap FOREIGN KEY (region_id) REFERENCES public.garden_app_region(id) DEFERRABLE INITIALLY DEFERRED;


--
-- PostgreSQL database dump complete
--

